# dedicated PEs,Get MB/s avg,Write MB/s avg
0r,0,0
1r,8597.0834,1167.6527499999997
2r,8997.1664,1283.10115
4r,9432.257150000001,1442.28795
8r,11095.17455,1595.7128
