# dedicated PEs,Get MB/s avg,Write MB/s avg
4r,1672.2441985000005
8r,2638.2176065000003
2r,867.977357
0r,0
1r,400.76068749999996
n16joint,11290.315784999999
