# dedicated PEs,Get MB/s avg,Write MB/s avg
0r,0
1r,533.3809831916659
2r,789.8317835916672
4r,1530.9739061083328
8r,2167.081781116667
n1joint,3842.5022678333303