# dedicated PEs,Get MB/s avg,Write MB/s avg
0r,0
1r,622.5814850416663
2r,972.4748235083346
4r,1467.7286843999989
8r,2257.822895033332
n2joint,3049.6930802750003