# dedicated PEs,Get MB/s avg,Write MB/s avg
0r,0,0
1r,22101.260950000004,663.82865
2r,25151.592850000005,726.6667000000001
4r,28705.990250000003,791.9264000000002
8r,33479.38650000001,1126.3143
