# dedicated PEs,Get MB/s avg,Write MB/s avg
0r,0
1r,586.7905649499999
2r,959.050439808332
4r,1578.6891246416656
8r,2201.388766933332
n4joint,3797.2299096833303